{
	"info": {
		"_postman_id": "a73943e0-fc54-449c-ac50-0c7c5e38310f",
		"name": "CART COUNT",
		"schema": "https://schema.getpostman.com/json/collection/v2.1.0/collection.json"
	},
	"item": [
		{
			"name": "Get Cart Count",
			"request": {
				"method": "GET",
				"header": ["cart_id"],
				"url": {
					"raw": "{{CartUrl}}/buying/v1/cart/count",
					"host": [
						"{{CartUrl}}"
					],
					"path": [
						"buying",
						"v1",
						"cart",
						"count"
					]
				}
			},
			"response": []
		}
	]
}