{
	"info": {
		"_postman_id": "0b2dbd03-388a-4c93-9c89-db9e2bbfb9af",
		"name": "Cart Translation Apis",
		"schema": "https://schema.getpostman.com/json/collection/v2.1.0/collection.json"
	},
	"item": [
		{
			"name": "Generate Content Stack",
			"protocolProfileBehavior": {
				"disableBodyPruning": true
			},
			"request": {
				"method": "GET",
				"header": [
					{
						"key": "stackList",
						"value": "needHelp, cart",
						"type": "default"
					},
					{
						"key": "locale",
						"value": "fr",
						"type": "default"
					}
				],
				"body": {
					"mode": "raw",
					"raw": "",
					"options": {
						"raw": {
							"language": "json"
						}
					}
				},
				"url": {
					"raw": "{{baseUrl}}/stack",
					"host": [
						"{{baseUrl}}"
					],
					"path": [
						"stack"
					]
				}
			},
			"response": [
				{
					"name": "Generate Content Stack",
					"originalRequest": {
						"method": "POST",
						"header": [],
						"body": {
							"mode": "raw",
							"raw": "{\r\n\"stackList\" : [\r\n    \"needHelp\"\r\n],\r\n\"locale\" : \"en\"\r\n}",
							"options": {
								"raw": {
									"language": "json"
								}
							}
						},
						"url": {
							"raw": "{{CART_URL}}/us/REGION_PATH/cart/v1/stack",
							"host": [
								"{{CART_URL}}"
							],
							"path": [
								"us",
								"REGION_PATH",
								"cart",
								"v1",
								"stack"
							]
						}
					},
					"status": "OK",
					"code": 200,
					"_postman_previewlanguage": "json",
					"header": [
						{
							"key": "connection",
							"value": "keep-alive, keep-alive"
						},
						{
							"key": "date",
							"value": "Tue, 24 May 2022 11:39:41 GMT"
						},
						{
							"key": "keep-alive",
							"value": "timeout=60"
						},
						{
							"key": "transfer-encoding",
							"value": "chunked"
						},
						{
							"key": "Content-Type",
							"value": "application/json"
						},
						{
							"key": "Transfer-Encoding",
							"value": "chunked"
						}
					],
					"cookie": [],
					"body": "{\n    \"successOrNot\": \"Y\",\n    \"statusCode\": \"SUCCESS\",\n    \"status\": 200,\n    \"message\": \"Success Response\",\n    \"data\": [\n        {\n            \"heading\": \"Besoin d'aide?\",\n            \"faq\": {\n                \"workingHrs\": {\n                    \"label\": \"Heures (HNE)\",\n                    \"id\": \"Mon-Fri 8am-8pm, Sat 9am-5.30pm\"\n                },\n                \"holidays\": {\n                    \"days\": \"Lun-ven 8h-22h, sam 8h-20h\",\n                    \"label\": \"vacances\"\n                },\n                \"customerService\": {\n                    \"phone\": \"844-810-0070\",\n                    \"label\": \"Appelez-nous pour le service client :\"\n                },\n                \"returnPolicy\": {\n                    \"label\": \"Retours / Politique d'échange\",\n                    \"url\": \"www.google.com\"\n                },\n                \"banner\": {\n                    \"label\": \"Titre de la bannière\\\"\",\n                    \"content\": \"Lorem ipsum dolor sit amet, consectetur adipiscing elit, sed do eiusmod tempor incididunt ut labore et dolore magna aliqua.\"\n                },\n                \"email\": {\n                    \"label\": \"Email:\",\n                    \"id\": \"orders@lgsupport.com\"\n                }\n            }\n        }\n    ]\n}"
				}
			]
		},
		{
			"name": "Generate Content Message",
			"protocolProfileBehavior": {
				"disableBodyPruning": true
			},
			"request": {
				"method": "GET",
				"header": [
					{
						"key": "stack",
						"value": "cart",
						"type": "default"
					},
					{
						"key": "keyList",
						"value": "greetingBarWelcomeLabel, greetingBarPurchaseLabel",
						"type": "default"
					},
					{
						"key": "locale",
						"value": "fr",
						"type": "default"
					}
				],
				"body": {
					"mode": "raw",
					"raw": "",
					"options": {
						"raw": {
							"language": "json"
						}
					}
				},
				"url": {
					"raw": "{{baseUrl}}/message",
					"host": [
						"{{baseUrl}}"
					],
					"path": [
						"message"
					]
				}
			},
			"response": [
				{
					"name": "Generate Content Message",
					"originalRequest": {
						"method": "POST",
						"header": [],
						"body": {
							"mode": "raw",
							"raw": "{\r\n\"stack\" : \"cart\",\r\n\"keyList\" : [\r\n    \"searchPlaceHolder\",\r\n    \"passwordHelperText\"\r\n],\r\n\"locale\" : \"en\"\r\n}",
							"options": {
								"raw": {
									"language": "json"
								}
							}
						},
						"url": {
							"raw": "{{CART_URL}}/us/REGION_PATH/cart/v1/message",
							"host": [
								"{{CART_URL}}"
							],
							"path": [
								"us",
								"REGION_PATH",
								"cart",
								"v1",
								"message"
							]
						}
					},
					"status": "OK",
					"code": 200,
					"_postman_previewlanguage": "json",
					"header": [
						{
							"key": "connection",
							"value": "keep-alive, keep-alive"
						},
						{
							"key": "date",
							"value": "Tue, 24 May 2022 11:55:19 GMT"
						},
						{
							"key": "keep-alive",
							"value": "timeout=60"
						},
						{
							"key": "transfer-encoding",
							"value": "chunked"
						},
						{
							"key": "Content-Type",
							"value": "application/json"
						},
						{
							"key": "Transfer-Encoding",
							"value": "chunked"
						}
					],
					"cookie": [],
					"body": "{\n    \"successOrNot\": \"Y\",\n    \"statusCode\": \"SUCCESS\",\n    \"status\": 200,\n    \"message\": \"Success Response\",\n    \"data\": [\n        {\n            \"searchPlaceHolder\": \"Search LG\"\n        },\n        {\n            \"passwordHelperText\": \"Password must be 8-16 characters, and have at least 1 uppercase letter, 1 lowercase letter, and 1 number.\"\n        }\n    ]\n}"
				}
			]
		},
		{
			"name": "Get Static Content for Cart",
			"request": {
				"method": "GET",
				"header": [
					{
						"key": "locale",
						"value": "",
						"type": "default"
					}
				],
				"url": {
					"raw": "{{baseUrl}}/content/cart",
					"host": [
						"{{baseUrl}}"
					],
					"path": [
						"content",
						"cart"
					]
				}
			},
			"response": []
		}
	],
	"event": [
		{
			"listen": "prerequest",
			"script": {
				"type": "text/javascript",
				"exec": [
					""
				]
			}
		},
		{
			"listen": "test",
			"script": {
				"type": "text/javascript",
				"exec": [
					""
				]
			}
		}
	],
	"variable": [
		{
			"key": "baseUrl",
			"value": "",
			"type": "default"
		}
	]
}