{
    "cartId": "keLbm4f5CvuwqtM9tEB6zisqefFLMxvL",
    "shipmentItems": [
        {
            "cartItems": [
                {
                    "cartItemId": "18611",
                    "status": {
                        "isValid": true,
                        "severity": "info",
                        "message": "The Item is in Stock",
                        "variant": "outline"
                    },
                    "productInfo": {
                        "productId": "18611",
                        "skuName": "MD06065076.OBS",
                        "productName": "LG NanoCell 86 Series 4K 49 inch Class Smart UHD NanoCell TV w/ AI ThinQ (48.5'' Diag)",
                        "maxQty": 200,
                        "img": {
                            "src": "LG NanoCell 86 Series 4K 49 inch Class Smart UHD NanoCell TV w/ AI ThinQ (48.5'' Diag)",
                            "icon": "http://www.lg.com/us/images/tvs/md06065076/SM86260.jpg",
                            "isFavorite": false
                        }
                    },
                    "productActions": [
                        {
                            "type": "Add Accessories",
                            "label": "accessory"
                        },
                        {
                            "type": "remove",
                            "label": "remove"
                        }
                    ]
                },
                {
                    "cartItemId": "18612",
                    "status": {
                        "isValid": true,
                        "severity": "info",
                        "message": "The Item is in Stock",
                        "variant": "outline"
                    },
                    "productInfo": {
                        "productId": "18612",
                        "skuName": "MD07501036.OBS",
                        "productName": "LG GX 55 inch Class with Gallery Design 4K Smart OLED TV w/AI ThinQ (54.6\" Diag) ",
                        "maxQty": 49,
                        "img": {
                            "src": "LG GX 55 inch Class with Gallery Design 4K Smart OLED TV w/AI ThinQ (54.6\" Diag) ",
                            "icon": "http://www.lg.com/us/images/tvs/md07501036/260.jpg",
                            "isFavorite": false
                        }
                    },
                    "productActions": [
                        {
                            "type": "Add Accessories",
                            "label": "accessory"
                        },
                        {
                            "type": "remove",
                            "label": "remove"
                        }
                    ]
                },
                {
                    "cartItemId": "18609",
                    "status": {
                        "isValid": true,
                        "severity": "info",
                        "message": "The Item is in Stock",
                        "variant": "outline"
                    },
                    "productInfo": {
                        "productId": "18609",
                        "skuName": "MD00001824.OBS",
                        "productName": "LG LT600P  6 Month / 300 Gallon Capacity Replacement Refrigerator Water Filter (NSF42 and NSF53*)",
                        "maxQty": 15164,
                        "img": {
                            "src": "LG LT600P  6 Month / 300 Gallon Capacity Replacement Refrigerator Water Filter (NSF42 and NSF53*)",
                            "icon": "http://www.lg.com/us/images/kitchenaccessories/md00001824/md00001824260x260.jpg",
                            "isFavorite": false
                        }
                    },
                    "productActions": [
                        {
                            "type": "Add Accessories",
                            "label": "accessory"
                        },
                        {
                            "type": "remove",
                            "label": "remove"
                        }
                    ]
                },
                {
                    "cartItemId": "18610",
                    "status": {
                        "isValid": true,
                        "severity": "info",
                        "message": "The Item is in Stock",
                        "variant": "outline"
                    },
                    "productInfo": {
                        "productId": "18610",
                        "skuName": "MD05833812.OBS",
                        "productName": "LG USB Type-C Travel Cable Assembly",
                        "maxQty": 438,
                        "img": {
                            "src": "LG USB Type-C Travel Cable Assembly",
                            "icon": "http://www.lg.com/us/images/mobile-accessories/md05833812/md05833812-260x260.jpg",
                            "isFavorite": false
                        }
                    },
                    "productActions": [
                        {
                            "type": "Add Accessories",
                            "label": "accessory"
                        },
                        {
                            "type": "remove",
                            "label": "remove"
                        }
                    ]
                }
            ]
        }
    ],
    "status": {
        "isValid": true,
        "severity": "info",
        "title": "Cart Items",
        "message": "these items above will be delivered together.",
        "variant": "info"
    }
}