{
    "orderSummaryTitle": "Order Summary",
    "orderSummaryItems": [
        {
            "title": "Subtotal",
            "value": "3259.95"
        },
        {
            "title": "Discount",
            "value": "326.0"
        }
    ],
    "orderTotalItems": [
        {
            "title": "Order Total",
            "value": "3259.95"
        }
    ],
    "promo": {
        "code": "10OFF",
        "status": {
            "isValid": true,
            "message": "Promo Applied"
        },
        "textFieldLabel": "Enter promo code",
        "accordianTitle": "Apply Promo Code",
        "buttonLabel": "Apply"
    },
    "orderSummaryActions": [
        {
            "label": "Return To Cart",
            "type": "RETURN_TO_CART",
            "variant": "text",
            "isDisabled": false,
            "isFixed": false,
            "hasDivider": false
        },
        {
            "label": "Place Order",
            "type": "PLACED_ORDER",
            "variant": "contained",
            "isDisabled": false,
            "isFixed": false,
            "hasDivider": false
        }
    ]
}