{
    "cartId": "",
    "shipmentItems": [
        {
            "shipmentId": "",
            "status": {
                "isValid": true,
                "severity": "info",
                "message": "The three items above will be delivered together.",
                "messageCode" : "312",
                "variant": "outline"
            },
            "cartItems": [
                {
                    "cartItemId": "",
                    "status": {
                        "isValid": true,
                        "severity": "warning",
                        "message": "The Item is in Stock",
                        "variant": ""
                    },
                    "productInfo": {
                        "productId": "",
                        "skuName": "",
                        "productName": "",
                        "qty": 1,
                        "maxQty": 3,
                        "price": {
                            "variant": "small",
                            "priceItems": [
                                {
                                    "type": "selling",
                                    "prefixText": "",
                                    "amount": "100",
                                    "suffixText": ""
                                },
                                {
                                    "type": "listed",
                                    "prefixText": "",
                                    "amount": "100",
                                    "suffixText": ""
                                },
                                {
                                    "type": "discount",
                                    "prefixText": "",
                                    "amount": "100",
                                    "suffixText": ""
                                }
                            ]
                        },
                        "img": {
                            "src": "",
                            "alt": "",
                            "icon": "",
                            "isFavorite": false
                        },
                        "features": [
                            {
                                "icon": "",
                                "label": ""
                            }
                        ]
                    },
                    "productActions": [
                        {
                            "type": "accessory",
                            "label": "Add Accessories"
                        },
                        {
                            "type": "remove",
                            "label": "remove"
                        }
                    ]
                }
            ]
        }
    ],
    "status": {
        "isValid": true,
        "severity": "info",
        "title": "Some title",
        "message": "The three items above will be delivered together.",
        "variant": "outline"
    }
}

